Boletin;Materia
10034-04;EDUCACIÓN FINANCIERA
10034-04;ENSEÑANZA MEDIA
10034-04;LEY GENERAL DE EDUCACIÓN
10034-04;OCDE
10063-21;CALETAS DE PESCADORES
10063-21;MINISTERIO DE BIENES NACIONALES
10063-21;NORMAS
10063-21;PESCA ARTESANAL
10063-21;PESCADORES ARTESANALES
10063-21;SERVICIO NACIONAL DE PESCA Y ACUICULTURA
10125-15;LEY DE TRÁNSITO
10125-15;MEDIOS DE PAGO
10125-15;MINISTERIO DE TRANSPORTES Y TELECOMUNICACIONES
10125-15;PASAJEROS
10125-15;PROCEDIMIENTOS ANTE JUZGADOS DE POLICÍA LOCAL
10125-15;TRANSPORTE DE PASAJEROS
10125-15;TRANSPORTE PÚBLICO REMUNERADO
10126-15;CONCESIONES DE OBRAS PÚBLICAS
10126-15;DIRECCIÓN GENERAL DE CONCESIONES DE OBRAS PÚBLICAS
10126-15;MINISTERIO DE OBRAS PÚBLICAS
10126-15;OBRAS PÚBLICAS
10126-15;PERSONAL DE DIRECCIÓN GENERAL DE CONCESIONES DE OBRAS PÚBLICAS
10163-14;IMPUESTO TERRITORIAL
10163-14;LEY GENERAL DE URBANISMO Y CONSTRUCCIÓN
10163-14;LÍMITE URBANO
10163-14;MERCADO DEL SUELO
10163-14;PARTICIPACIÓN CIUDADANA
10163-14;PLANIFICACIÓN TERRITORIAL
10163-14;PLANIFICACIÓN URBANA
10207-10;"ACUERDO CHILE-ISRAEL SOBRE COOPERACIÓN Y ASISTENCIA ADMINISTRATIVA MUTUA EN MATERIA ADUANERA (20 DE ENERO 2014: VALPARAÍSO)											"
10207-10;ASISTENCIA ADMINISTRATIVA
10207-10;COOPERACIÓN ADUANERA
10217-15;BICICLETAS
10217-15;CONVIVENCIA VIAL
10217-15;LEY DE TRÁNSITO
10217-15;SEGURIDAD VIAL
10217-15;TRANSPORTE
10226-03;COBRANZAS EXTRAJUDICIALES
10226-03;CONSUMIDORES
10226-03;CREDITOS
10226-03;DERECHOS DEL CONSUMIDOR
10226-03;OBLIGACIÓN DEL PROVEEDOR
10226-03;PROTECCIÓN DE LOS DERECHOS DE LOS CONSUMIDORES
10277-06;PROVINCIA DE DIGUILLÍN
10277-06;PROVINCIA DE ITATA
10277-06;PROVINCIA DE PUNILLA
10277-06;REGIÓN DE ÑUBLE
10313-12;DÍA MUNDIAL DEL OCÉANO (8 DE JUNIO)
10314-06;DERECHOS DEL NIÑO
10314-06;MINISTERIO DE DESARROLLO SOCIAL
10314-06;PROTECCIÓN DE LOS DERECHOS DEL MENOR
10314-06;PROTECCIÓN INTEGRAL DE LOS DERECHOS DE LOS NIÑOS, NIÑAS Y ADOLESCENTES
10314-06;SUBSECRETARÍA DE LA NIÑEZ
10315-18;CONVENCIÓN SOBRE LOS DERECHOS DEL NIÑO (1989)
10315-18;DERECHOS DEL NIÑO
10315-18;INFANCIA
10315-18;PROTECCIÓN DE LOS DERECHOS DEL MENOR
10315-18;PROTECCIÓN INTEGRAL DE LOS DERECHOS DE LOS NIÑOS, NIÑAS Y ADOLESCENTES
10315-18;SISTEMA DE GARANTÍAS DE LOS DERECHOS DE LA NIÑEZ
10325-02;CONTAMINACIÓN DE LAS AGUAS
10325-02;CONTAMINACIÓN POR HIDROCARBUROS
10325-02;HIDROCARBUROS
10325-02;NAVEGACIÓN
10325-02;NAVES ABANDONADAS
10325-02;SUSTANCIAS NOCIVAS
10331-08;DISTRIBUCIÓN DE ENERGÍA ELÉCTRICA
10331-08;EMPALMES ELÉCTRICOS
10331-08;EMPRESAS ELÉCTRICAS
10331-08;INSTALACIONES ELÉCTRICAS
10331-08;LEY GENERAL DE SERVICIOS ELÉCTRICOS
10331-08;MEDIDORES ELÉCTRICOS
10342-15;EMERGENCIAS
10342-15;ESPECTRO RADIOELÉCTRICO
10342-15;ESTADO
10342-15;SEGURIDAD PÚBLICA
10342-15;TELECOMUNICACIONES
10363-06;CALLES Y PASAJES
10363-06;CIERRE DE CALLES Y PASAJES
10363-06;CONTROL DE ACCESO DE CALLES Y PASAJES
10363-06;LEY ORGÁNICA CONSTITUCIONAL DE MUNICIPALIDADES
10363-06;PROPIETARIOS DE INMUEBLES
10363-06;QUÓRUM
10368-04;CALIDAD DE LA EDUCACIÓN
10368-04;DIRECCIÓN DE EDUCACIÓN PÚBLICA
10368-04;EDUCACIÓN
10368-04;EDUCACIÓN PÚBLICA
10368-04;ESTABLECIMIENTOS EDUCACIONALES
10368-04;SERVICIOS EDUCACIONALES
10368-04;SISTEMA DE EDUCACIÓN PÚBLICA
10372-03;COMISIÓN NACIONAL DE ESTADÍSTICAS
10372-03;CONSEJO ESTADÍSTICO NACIONAL
10372-03;INE (CHILE)
10372-03;INSTITUTO NACIONAL DE ESTADÍSTICAS
10372-03;SISTEMA ESTADÍSTICO NACIONAL
10374-06;CARGOS PROFESIONALES
10374-06;CARGOS TÉCNICOS
10374-06;CONCEJALES
10374-06;INCOMPATIBILIDAD DE CARGOS
10374-06;LEY ORGÁNICA CONSTITUCIONAL DE MUNICIPALIDADES
10374-06;MUNICIPIOS
10391-03;CORREDOR DE PROPIEDADES
10391-03;CORRETAJE DE PROPIEDADES
10391-03;CORRETAJE INMOBILIARIO
10391-03;MERCADO INMOBILIARIO
10391-03;REGISTRO NACIONAL DE CORREDORES DE PROPIEDADES
10460-25;DELITOS TERRORISTAS
10460-25;INVESTIGACIÓN DEL DELITO
10460-25;SEGURIDAD DEL ESTADO
10460-25;TERRORISMO
10526-06;CONSEJO DE PUEBLOS INDÍGENAS
10526-06;CONSEJO NACIONAL
10545-08;EMPRESA NACIONAL DEL PETRÓLEO 
10545-08;GOBIERNO CORPORATIVO DE EMPRESAS DEL ESTADO
10550-29;DÍA NACIONAL DEL DEPORTE PARA EL DESARROLLO Y LA PAZ (6 DE ABRIL)
10563-11;PROTECCIÓN SALUD MENTAL
10584-07;DEFENSORÍA DE LOS DERECHOS DE LA NIÑEZ
10623-02;ESTATUTO DEL PERSONAL DE LAS FUERZAS ARMADAS
10623-02;LEY ORGÁNICA CONSTITUCIONAL DE CARABINEROS DE CHILE
10625-17;AFRODESCENDIENTE CHILENO
10625-17;DIÁSPORA AFRICANA
10625-17;POBLACIÓN AFRODESCENDIENTE
10625-17;PUEBLO TRIBAL AFRODESCENDIENTE
10629-12;BASES GENERALES DEL MEDIO AMBIENTE
10641-06;CONSEJEROS REGIONALES
10641-06;CONSTITUCIÓN POLÍTICA DE LA REPÚBLICA
10641-06;DIPUTADOS
10641-06;SENADORES
10641-06;VICEPRESIDENCIA DE LA REPÚBLICA
10647-09;FONDO DE INFRAESTRUCTURA S.A.
10679-31;VOLUNTARIADO
10683-06;ISLA DE PASCUA (CHILE)
10687-06;MINISTERIO DE PUEBLO INDIGENAS
10702-17;DALTON DILLEHAY THOMAS
10702-17;NACIONALIDAD
10702-17;NACIONALIDAD CHILENA
10708-13;COTIZACIONES PREVISIONALES
10739-07;COHECHO
10739-07;LAVADO DE ACTIVOS
10739-07;SOBORNO
10739-07;TERRORISMO
10773-15;CONCESIONES
10773-15;LEY GENERAL DE TELECOMUNICACIONES
10783-04;EDUCACIÓN SUPERIOR
10783-04;REFORMA EDUCACIONAL
10793-18;CÓDIGO PENAL
10793-18;RÉGIMEN DE RELACIÓN DIRECTA
10802-12;FRAUDE
10838-06;FERIADO REGIÓN DE TARAPACÁ (10 DE AGOSTO)
10852-06;DIA DEL MINERO (10 DE AGOSTO)
10885-06;FERIADO REGIÓN DE MAGALLANES Y ANTÁRTICA CHILENA Y CHILOÉ (21 DE SEPTIEMBRE DE CADA AÑO)
9161-13;CÓDIGO DEL TRABAJO
9161-13;FERIADO EN DIAS DE ELECCIONES
10887-06;FERIADO COMUNA DEL QUISCO, FIESTA SRA. DE LA MERCED DE EL TOTORAL (24 DE SEPTIEMBRE DE 2016)
10888-06;FERIADO REGIÓN DE COQUIMBO, FIESTA DE LA PAMPILLA (20 DE SEPTIEMBRE DE 2016)
10920-24;DÍA NACIONAL DEL FERIANTE (1ER LUNES DE OCTUBRE DE CADA AÑO)
10937-15;TRANSPORTE REMUNERADO DE PASAJEROS
10975-25;SISTEMA DE RESPONSABILIDAD DE LOS ADOLESCENTES
10990-14;BOMBEROS DE CHILE
10990-14;CUERPO DE BOMBEROS DE CHILE
10995-08;ESTABILIZACIÓN DE PRECIO DE COMBUSTIBLES
10995-08;PEQUEÑA MINERÍA
11012-13;MUNICIPALIDADES
11012-13;REMUNERACIONES
11012-13;RESIDUOS SÓLIDOS
11012-13;SERVICIOS EXTERNALIZADOS
11053-13;ACCIDENTES DE TRABAJO
11053-13;ENFERMEDAD PROFESIONAL
11054-07;DOCENCIA
11054-07;FISCALES
11054-07;MINISTERIO PÚBLICO
11101-19;MINISTERIO DE CIENCIA Y TECNOLOGÍA
11103-13;ACCIDENTES DE TRABAJO
11103-13;ADMINISTRACIÓN
11103-13;ENFERMEDAD PROFESIONAL
11103-13;SEGURO SOCIAL
11120-05;CÓDIGO TRIBUTARIO
11120-05;SERVICIO DE IMPUESTOS INTERNOS (CHILE)
11128-04;BECARIOS
11128-04;DOCENTE
11128-04;SISTEMA DE DESARROLLO PROFESIONAL
11132-04;EDUCACIÓN
11143-06;ARLEY MÉNDEZ PÉREZ
11143-06;NACIONALIDAD
11143-06;NACIONALIDAD POR GRACIA
11148-03;ESTACIONAMIENTO DE AUTOMÓVILES
11148-03;ESTACIONAMIENTOS DE ESTABLECIMIENTOS COMERCIALES
11161-13;ACCIDENTES DE TRABAJO
11161-13;ENFERMEDAD PROFESIONAL
11161-13;SEGURO SOCIAL
11163-31;HIPOACÚSICAS
11163-31;INCLUSIÓN SOCIAL
11163-31;PROGRAMACIÓN TELEVISIVA
11163-31;SIN AUDICIÓN
11163-31;SORDOS
11167-10;CONVENIO DE TRANSPORTE AÉREO ENTRE CHILE Y GUYANA (SANTIAGO, 24 DE OCTUBRE 2016)
11168-12;BOSQUE NATIVO
11168-12;TIERRA DE HOJAS
11175-01;LEY GENERAL DE URBANISMO Y CONSTRUCCIÓN
11175-01;SERVICIO NACIONAL FORESTAL
11188-17;CORPORACIÓN NACIONAL DE DESARROLLO INDÍGENA
11188-17;ETNIA INDÍGENA DE CHILE
11199-03;LEY GENERAL DE COOPERATIVAS
11200-06;ELECCIONES
11200-06;GOBERNADOR REGIONAL
11200-06;GOBERNADORES
11218-10;ACUERDO DE SEDE ENTRE CHILE Y LA ENTIDAD BINACIONAL PARA EL PROYECTO TUNEL INTERNACIONAL PASO DE AGUA NEGRA(EBITAN) (ENERO 20017)
11221-04;DÍA DEL MAESTRO OBRERO CONSTRUCTOR
11223-13;FERIADO ANUAL
11224-18;CUARTA EDAD
11224-18;SERVICIO NACIONAL DEL ADULTO MAYOR
11235-24;DÍA NACIONAL POR LA NO VIOLENCIA EN EL POLOLEO (7 de Febrero de cada año)
11240-31;ASPERGER
11240-31;AUTISMO
11240-31;AUTISTA
11240-31;DISCAPACIDAD
11240-31;DISCAPACIDAD SOCIAL
11240-31;IGUALDAD DE OPORTUNIDADES
11240-31;INCLUSIÓN SOCIAL
11240-31;SÍNDROME DE ASPERGER
11245-17;INSTITUTO NACIONAL DE DERECHOS HUMANOS
11245-17;MECANISMO NACIONAL DE PREVENCIÓN CONTRA LA TORTURA (MNPT)
11245-17;PREVENCIÓN CONTRA EL TRATO DEGRADANTE
11245-17;PREVENCIÓN CONTRA EL TRATO INHUMANO
11245-17;PREVENCIÓN CONTRA LA TORTURA
11257-04;APORTE FISCAL
11257-04;EDUCACIÓN SUPERIOR
11266-04;REGISTROS DE NO DONANTES
11269-05;LEGISLACIÓN BANCARIA
11271-04;"SISTEMA DE PENSIONES
"
11271-04;UNIVERSIDADES ESTATALES
11273-03;EMPRESAS DE BENEFICIO
11277-25;POLICÍA DE INVESTIGACIONES DE CHILE
11277-25;RECONOCIMIENTO PÓSTUMO
11281-13;CÓDIGO DEL TRABAJO
11281-13;SEGUROS
11288-06;MUNICIPIOS
11288-06;PAVIMENTACION
11311-21;LEY GENERAL DE PESCA Y ACUICULTURA
11311-21;MAREJADAS
11311-21;PESCADORES ARTESANALES
11314-25;CONTROL PREVENTIVO DE IDENTIDAD
11314-25;HURTO
11314-25;ROBO
11317-21;ACUICULTURA
11317-21;PROCEDIMIENTO DE RELOCACION
11322-13;PROFESIONALES DE LA EDUCACIÓN
11327-11;CANNABIS
11328-24;DÍA NACIONAL DEL FUTBOLISTA AMATEUR (24 DE FEBRERO)
11329-04;UNIVERSIDADES ESTATALES
11332-24;DÍA NACIONAL DE LA DIVERSIDAD CULTURAL (20 DE OCTUBRE)
11335-17;ETNIA INDÍGENA DE CHILE
11342-07;DERECHO A LA INFORMACIÓN
11342-07;PRINCIPIO DE TRANSPARENCIA
11342-07;TRANSPARENCIA DE INFORMACIÓN
11344-10;ACUERDO DE CHILE E INDIA SOBRE AUTORIZACION PARA REALIZAR ACTIVIDADES REMUNERADAS (28 OCT. 2016)
11345-10;ACUERDO ENTRE CHILE Y BELARUS SOBRE EXENCION DE VISAS PARA TITULARES DE PASAPORTES DIPLOMATICOS, DE SERVICIO Y OFICIALES (21 NOV. 2016) 
11346-10;ACUERDO ENTRE CHILE Y TRINIDAD Y TOBAGO SOBRE SUPRESION DEL REQUISITO DE VISA PARA LOS TITULARES DE PASAPORTES DIPLOMATICOS U OFICIALES (24 SEP. 2016)
11347-10;ACUERDO ENTRE CHILE Y MARRUECOS SOBRE EXENCION DE VISAS PARA TITULARES DE PASAPORTES DIPLOMATICOS, OFICIALES, ESPECIALES Y DE SERVICIO (20 SEP. 2016)
11348-10;ACUERDO ENTRE CHILE Y SUDRAFICA SOBRE EXENCION DEL REQUISITO DE  VISA PARA TITULARES DE PASAPORTES DIPLOMATICOS U OFICIALES (1 SEP. 2016)
11350-06;"FERIADO REGIÓN DE LA ARAUCANÍA Y EN TARAPACÁ; VISITA PAPA FRANCISCO (17 Y 18 DE ENERO 2018)"
11362-13;DIRIGENTES GREMIALES Y SINDICALES
11362-13;FUERO LABORAL
11362-13;PROFESIONALES DE LA EDUCACIÓN
11372-13;NUEVO AHORRO COLECTIVO
11372-13;"SISTEMA DE PENSIONES
"
11384-15;DÍA NACIONAL DE LOS TRABAJADORES DE TAXIS COLECTIVOS.
11385-15;DÍA NACIONAL DE LOS TRABAJADORES DE TAXIS COLECTIVOS.
11394-22;REGISTRO NACIONAL DE BOMBEROS VOLUNTARIOS
11395-06;MIGRACIONES
11404-05;REFORMA TRIBUTARIA
11404-05;SISTEMA TRIBUTARIO
11435-10;CONVENCION SOBRE EL ESTATUTO DE LOS APATRIDAS (28 SEP 1954)
11436-10;CONVENCION PARA REDUCIR LOS CASOS DE APATRIDAS (30 AGO. 1961)
11441-07;AUTORÍA DE MOCIONES
11441-07;MOCIONES
11441-07;PARLAMENTARIOS
11441-07;PROYECTOS DE LEY
11444-06;DEPORTISTAS PROFESIONALES
11444-06;NACIONALIDAD POR GRACIA
11444-06;YASMANI ACOSTA FERNÁNDEZ
11452-05;LEY DE PRESUPUESTO 2018
11452-05;PRESUPUESTO DE LA REPÚBLICA 2018
11452-05;PRESUPUESTO 2018
11465-22;ACTOS DE SERVICIOS DE BOMBEROS DE CHILE
11465-22;BOMBEROS DE CHILE
11465-22;INCAPACIDAD PERMANENTE BOMBEROS DE CHILE
11465-22;INDEMNIZACIÓN BOMBEROS DE CHILE
11467-07;INCENTIVO AL RETIRO
11467-07;PODER JUDICIAL
11467-07;RETIRO VOLUNTARIO
11468-05;SERVICIOS DE TESORERÍAS
11471-04;NORMATIVA EDUCACIONAL
11480-10;TRATADO DE EXTRADICIÓN ENTRE CHILE Y LA REPÚBLICA POPULAR DE CHINA
11483-04;DERECHO A COLACIÓN
11483-04;ESTATUTO DE LOS PROFESIONALES DE LA EDUCACIÓN
11484-11;HOSPITAL PADRE ALBERTO HURTADO
11484-11;SERVICIO DE SALUD METROPOLITANA SUR-ORIENTE
11486-11;PLANTA DEL PERSONAL SERVICIO DE SALUD
11486-11;SERVICIO DE SALUD
11509-10;ACUERDO ENTRE CHILE Y LA FEDERACION  INTERNACIONAL DE SOCIEDADES DE LA CRUZ ROJA Y DE LA MEDIA LUNA... (30 NOV. 2016)
9152-07;CÓDIGO PROCESAL PENAL
9152-07;DILACIÓN DE AUDIENCIAS EN EL JUICIO PENAL
11519-05;AGUINALDO SECTOR PÚBLICO
11519-05;REAJUSTE DE REMUNERACIONES
11519-05;SECTOR PÚBLICO
11536-04;ASISTENTE DE EDUCACIÓN
11536-04;EDUCACIÓN PÚBLICA
11585-05;INCENTIVO AL RETIRO FUNCIONARIOS BIBLIOTECA DEL CONGRESO NACIONAL
11585-05;INCENTIVO AL RETIRO FUNCIONARIOS CÁMARA DE DIPUTADOS
11585-05;INCENTIVO AL RETIRO FUNCIONARIOS DEL SENADO
11609-10;"ACUERDO DE INTERCAMBIO DE INFORMACIÓN EN MATERIA TRIBUTARIA ENTRE LA REPUBLICA DE CHILE Y JERSEY
"
11609-10;ACUERDO ENTRE CHILE Y JERSEY (24 DE JUNIO DE 2016)
11609-10;ACUERDO ENTRE CHILE y SAINT HELIER, JERSEY (21 DE Julio DE 2016)
11609-10;MATERIA TRIBUTARIA
5254-02;CONTROL DE ARMAMENTOS
5254-02;INVESTIGACIONES DE CHILE
5254-02;POLICÍA DE INVESTIGACIONES DE CHILE
6056-14;BIENES RAICES
6056-14;COMPRAVENTA DE BIENES RAICES
6056-14;OFICINAS DE INFORMACIÓN
6056-14;PUBLICIDAD
6056-14;TRANSPARENCIA DE INFORMACIÓN
6056-14;URBANISMO Y CONSTRUCCIONES
6106-10;MINISTERIO DE RELACIONES EXTERIORES
6173-13;CÓDIGO DEL TRABAJO
6173-13;PERMISOS (TRABAJO)
6499-11;ANIMALES
7547-13;EMERGENCIAS
7547-13;PROTECCIÓN DE LOS TRABAJADORES
7963-06;REGIONALIZACIÓN
8149-09;FISCALIZACIÓN DE AGUAS
8203-24;DIA NACIONAL DE LA DIVERSIDAD
8305-13;CÓDIGO DEL TRABAJO
8305-13;FERIADO ANUAL PARA ZONAS EXTREMAS
8305-13;FERIADO ANUAL, 20 DIAS
8305-13;ZONAS EXTREMAS
8378-13;ACCIDENTES DE TRABAJO
8378-13;CÓDIGO DEL TRABAJO
8378-13;ENFERMEDADES OCUPACIONALES
8378-13;TRIBUNALES DEL TRABAJO
8584-15;INTERNET
8584-15;TELECOMUNICACIONES
8584-15;VELOCIDAD MÍNIMA DE ACCESO A INTERNET
8728-13;DIA DE ELECCIONES
8728-13;FERIADO IRRENUNCIABLE
8728-13;TRABAJADORES DEL COMERCIO
8750-13;CÓDIGO DEL TRABAJO
8750-13;ORGANIZACIONES SINDICALES
8750-13;SISTEMA DE ELECCIÓN DIRECTA
8875-13;DÍA NACIONAL DEL TRABAJADOR PAPELERO (12 DE MARZO)
8886-11;CONTROL DEL TABACO
8886-11;ORGANIZACIÓN MUNDIAL DE LA SALUD
8886-11;TABACO
8888-13;CÓDIGO DEL TRABAJO
8888-13;ESTATUTO ADMINISTRATIVO
8888-13;ESTATUTO ADMINISTRATIVO PARA FUNCIONARIOS MUNICIPALES
8888-13;FERIADOS
8924-07;DERECHO A LA IDENTIDAD DE GENERO
9106-07;CÓDIGO ORGÁNICO DE TRIBUNALES
9106-07;COMUNA DE NUEVA IMPERIAL
9106-07;COMUNA DE TOLTÉN
9106-07;JUZGADOS
9109-02;ARTEFACTOS EXPLOSIVOS 
9109-02;EXPLOSIÓN DE MINAS
9109-02;REHABILITACIÓN DE VÍCTIMAS
9170-23;SISTEMA INSTITUCIONAL PARA EL DESARROLLO DEL TURISMO
9170-23;TURISMO
9185-08;DESALINIZACIÓN DE AGUA
9245-07;ENTREVISTAS GRABADAS
9245-07;MENORES
9245-07;VÍCTIMAS DE DELITOS SEXUALES
9369-03;PROTECCIÓN DE LOS DERECHOS DE LOS CONSUMIDORES
9369-03;PROTECCIÓN DEL CONSUMIDOR
9452-09;SERVICIO DE RECOLECCIÓN DE AGUAS GRISES
9511-12;TELECOMUNICACIONES
9511-12;TENDIDO DE CABLES AÉREOS
9606-06;FERIADO REGIÓN DE LOS RÍOS, 2 DE OCTUBRE DE CADA AÑO.
9689-21;Instituto Nacional de Desarrollo Sustentable de la Pesca Artesanal y de la Acuicultura de Pequeña Escala
9701-14;JUEGOS INFANTILES NO MECÁNICOS
9701-14;NIÑOS EN SITUACIÓN DE DISCAPACIDAD
9701-14;OBLIGATORIEDAD DE JUEGOS
9724-24;DÍA INCLUSIÓN SOCIAL Y LA NO DISCRIMINACIÓN
9770-25;CARABINEROS DE CHILE
9770-25;MINISTERIO DE HACIENDA
9770-25;RECINTOS AÉREOS
9770-25;RECINTOS MARÍTIMOS
9770-25;RECINTOS PORTUARIOS
9779-33;LEY GENERAL DE SERVICIOS SANITARIOS
9818-17;CÓDIGO PENAL
9818-17;DESAPARICIÓN FORZADA DE PERSONAS
9892-07;JURISDICCIÓN TRIBUTARIA
9892-07;JUSTICIA ADUANERA
9892-07;JUSTICIA TRIBUTARIA
9892-07;TRIBUNALES ADUANEROS
9892-07;TRIBUNALES TRIBUTARIOS
9895-11;ABORTO
9895-11;ABORTO TERAPEUTICO
9895-11;DESPENALIZACIÓN DEL ABORTO
9895-11;EMBARAZO
9895-11;INTERRUPCIÓN DEL EMBARAZO
9954-05;ADULTOS MAYORES
9954-05;CÓDIGO TRIBUTARIO
9954-05;DELITOS TRIBUTARIOS
9954-05;MINISTERIO PÚBLICO
9954-05;SERVICIO DE IMPUESTOS INTERNOS (CHILE)
9992-02;ASCENSOS
9992-02;FUERZAS ARMADAS
9992-02;LEY ORGÁNICA CONSTITUCIONAL
9992-02;PERSONAL DE LAS FUERZAS ARMADAS
